{
  "frames": {
    "scene/back/0.png": {
      "frame": {
        "x": 0,
        "y": 0,
        "w": 800,
        "h": 182
      },
      "rotated": false,
      "trimmed": true,
      "spriteSourceSize": {
        "x": 0,
        "y": 417,
        "w": 800,
        "h": 182
      },
      "sourceSize": {
        "w": 800,
        "h": 600
      },
      "pivot": {
        "x": 0.5,
        "y": 0.5
      }
    },
    "scene/tree/0.png": {
      "frame": {
        "x": 0,
        "y": 182,
        "w": 173,
        "h": 260
      },
      "rotated": false,
      "trimmed": false,
      "spriteSourceSize": {
        "x": 0,
        "y": 0,
        "w": 173,
        "h": 260
      },
      "sourceSize": {
        "w": 173,
        "h": 260
      },
      "pivot": {
        "x": 0.5,
        "y": 0.5
      }
    },
    "dog/double/0.png": {
      "frame": {
        "x": 173,
        "y": 182,
        "w": 130,
        "h": 91
      },
      "rotated": false,
      "trimmed": true,
      "spriteSourceSize": {
        "x": 3,
        "y": 22,
        "w": 130,
        "h": 91
      },
      "sourceSize": {
        "w": 137,
        "h": 113
      },
      "pivot": {
        "x": 0.5,
        "y": 0.5
      }
    },
    "dog/sniff/1.png": {
      "frame": {
        "x": 173,
        "y": 273,
        "w": 106,
        "h": 77
      },
      "rotated": false,
      "trimmed": true,
      "spriteSourceSize": {
        "x": 13,
        "y": 29,
        "w": 106,
        "h": 77
      },
      "sourceSize": {
        "w": 125,
        "h": 130
      },
      "pivot": {
        "x": 0.5,
        "y": 0.5
      }
    },
    "dog/find/0.png": {
      "frame": {
        "x": 279,
        "y": 273,
        "w": 103,
        "h": 93
      },
      "rotated": false,
      "trimmed": true,
      "spriteSourceSize": {
        "x": 18,
        "y": 15,
        "w": 103,
        "h": 93
      },
      "sourceSize": {
        "w": 125,
        "h": 130
      },
      "pivot": {
        "x": 0.5,
        "y": 0.5
      }
    },
    "dog/sniff/0.png": {
      "frame": {
        "x": 173,
        "y": 350,
        "w": 103,
        "h": 77
      },
      "rotated": false,
      "trimmed": true,
      "spriteSourceSize": {
        "x": 11,
        "y": 29,
        "w": 103,
        "h": 77
      },
      "sourceSize": {
        "w": 125,
        "h": 130
      },
      "pivot": {
        "x": 0.5,
        "y": 0.5
      }
    },
    "dog/sniff/3.png": {
      "frame": {
        "x": 303,
        "y": 182,
        "w": 103,
        "h": 77
      },
      "rotated": false,
      "trimmed": true,
      "spriteSourceSize": {
        "x": 14,
        "y": 27,
        "w": 103,
        "h": 77
      },
      "sourceSize": {
        "w": 125,
        "h": 130
      },
      "pivot": {
        "x": 0.5,
        "y": 0.5
      }
    },
    "dog/single/0.png": {
      "frame": {
        "x": 382,
        "y": 259,
        "w": 101,
        "h": 91
      },
      "rotated": false,
      "trimmed": true,
      "spriteSourceSize": {
        "x": 33,
        "y": 22,
        "w": 101,
        "h": 91
      },
      "sourceSize": {
        "w": 137,
        "h": 113
      },
      "pivot": {
        "x": 0.5,
        "y": 0.5
      }
    },
    "dog/sniff/4.png": {
      "frame": {
        "x": 382,
        "y": 350,
        "w": 100,
        "h": 83
      },
      "rotated": false,
      "trimmed": true,
      "spriteSourceSize": {
        "x": 21,
        "y": 22,
        "w": 100,
        "h": 83
      },
      "sourceSize": {
        "w": 125,
        "h": 130
      },
      "pivot": {
        "x": 0.5,
        "y": 0.5
      }
    },
    "dog/sniff/2.png": {
      "frame": {
        "x": 482,
        "y": 350,
        "w": 98,
        "h": 83
      },
      "rotated": false,
      "trimmed": true,
      "spriteSourceSize": {
        "x": 18,
        "y": 22,
        "w": 98,
        "h": 83
      },
      "sourceSize": {
        "w": 125,
        "h": 130
      },
      "pivot": {
        "x": 0.5,
        "y": 0.5
      }
    },
    "dog/laugh/0.png": {
      "frame": {
        "x": 483,
        "y": 182,
        "w": 68,
        "h": 91
      },
      "rotated": false,
      "trimmed": true,
      "spriteSourceSize": {
        "x": 36,
        "y": 22,
        "w": 68,
        "h": 91
      },
      "sourceSize": {
        "w": 137,
        "h": 113
      },
      "pivot": {
        "x": 0.5,
        "y": 0.5
      }
    },
    "dog/laugh/1.png": {
      "frame": {
        "x": 551,
        "y": 182,
        "w": 67,
        "h": 91
      },
      "rotated": false,
      "trimmed": true,
      "spriteSourceSize": {
        "x": 36,
        "y": 22,
        "w": 67,
        "h": 91
      },
      "sourceSize": {
        "w": 135,
        "h": 113
      },
      "pivot": {
        "x": 0.5,
        "y": 0.5
      }
    },
    "dog/jump/0.png": {
      "frame": {
        "x": 580,
        "y": 273,
        "w": 67,
        "h": 89
      },
      "rotated": false,
      "trimmed": true,
      "spriteSourceSize": {
        "x": 30,
        "y": 14,
        "w": 67,
        "h": 89
      },
      "sourceSize": {
        "w": 125,
        "h": 130
      },
      "pivot": {
        "x": 0.5,
        "y": 0.5
      }
    },
    "duck/red/top-right/1.png": {
      "frame": {
        "x": 406,
        "y": 182,
        "w": 71,
        "h": 57
      },
      "rotated": false,
      "trimmed": true,
      "spriteSourceSize": {
        "x": 3,
        "y": 8,
        "w": 71,
        "h": 57
      },
      "sourceSize": {
        "w": 75,
        "h": 75
      },
      "pivot": {
        "x": 0.5,
        "y": 0.5
      }
    },
    "duck/red/top-right/2.png": {
      "frame": {
        "x": 276,
        "y": 366,
        "w": 53,
        "h": 71
      },
      "rotated": false,
      "trimmed": true,
      "spriteSourceSize": {
        "x": 19,
        "y": 4,
        "w": 53,
        "h": 71
      },
      "sourceSize": {
        "w": 75,
        "h": 75
      },
      "pivot": {
        "x": 0.5,
        "y": 0.5
      }
    },
    "duck/black/left/0.png": {
      "frame": {
        "x": 483,
        "y": 273,
        "w": 70,
        "h": 50
      },
      "rotated": false,
      "trimmed": true,
      "spriteSourceSize": {
        "x": 3,
        "y": 19,
        "w": 70,
        "h": 50
      },
      "sourceSize": {
        "w": 75,
        "h": 75
      },
      "pivot": {
        "x": 0.5,
        "y": 0.5
      }
    },
    "duck/black/left/1.png": {
      "frame": {
        "x": 580,
        "y": 362,
        "w": 70,
        "h": 42
      },
      "rotated": false,
      "trimmed": true,
      "spriteSourceSize": {
        "x": 2,
        "y": 23,
        "w": 70,
        "h": 42
      },
      "sourceSize": {
        "w": 75,
        "h": 75
      },
      "pivot": {
        "x": 0.5,
        "y": 0.5
      }
    },
    "duck/black/left/2.png": {
      "frame": {
        "x": 618,
        "y": 182,
        "w": 70,
        "h": 60
      },
      "rotated": false,
      "trimmed": true,
      "spriteSourceSize": {
        "x": 3,
        "y": 3,
        "w": 70,
        "h": 60
      },
      "sourceSize": {
        "w": 75,
        "h": 75
      },
      "pivot": {
        "x": 0.5,
        "y": 0.5
      }
    },
    "duck/black/right/0.png": {
      "frame": {
        "x": 688,
        "y": 182,
        "w": 70,
        "h": 60
      },
      "rotated": false,
      "trimmed": true,
      "spriteSourceSize": {
        "x": 2,
        "y": 1,
        "w": 70,
        "h": 60
      },
      "sourceSize": {
        "w": 75,
        "h": 75
      },
      "pivot": {
        "x": 0.5,
        "y": 0.5
      }
    },
    "duck/black/right/1.png": {
      "frame": {
        "x": 647,
        "y": 242,
        "w": 70,
        "h": 42
      },
      "rotated": false,
      "trimmed": true,
      "spriteSourceSize": {
        "x": 3,
        "y": 21,
        "w": 70,
        "h": 42
      },
      "sourceSize": {
        "w": 75,
        "h": 75
      },
      "pivot": {
        "x": 0.5,
        "y": 0.5
      }
    },
    "duck/black/right/2.png": {
      "frame": {
        "x": 717,
        "y": 242,
        "w": 70,
        "h": 50
      },
      "rotated": false,
      "trimmed": true,
      "spriteSourceSize": {
        "x": 2,
        "y": 17,
        "w": 70,
        "h": 50
      },
      "sourceSize": {
        "w": 75,
        "h": 75
      },
      "pivot": {
        "x": 0.5,
        "y": 0.5
      }
    },
    "duck/black/top-right/2.png": {
      "frame": {
        "x": 647,
        "y": 292,
        "w": 48,
        "h": 67
      },
      "rotated": false,
      "trimmed": true,
      "spriteSourceSize": {
        "x": 19,
        "y": 7,
        "w": 48,
        "h": 67
      },
      "sourceSize": {
        "w": 75,
        "h": 75
      },
      "pivot": {
        "x": 0.5,
        "y": 0.5
      }
    },
    "duck/red/top-right/0.png": {
      "frame": {
        "x": 329,
        "y": 366,
        "w": 49,
        "h": 67
      },
      "rotated": false,
      "trimmed": true,
      "spriteSourceSize": {
        "x": 18,
        "y": 8,
        "w": 49,
        "h": 67
      },
      "sourceSize": {
        "w": 75,
        "h": 75
      },
      "pivot": {
        "x": 0.5,
        "y": 0.5
      }
    },
    "duck/red/left/1.png": {
      "frame": {
        "x": 695,
        "y": 292,
        "w": 66,
        "h": 40
      },
      "rotated": false,
      "trimmed": true,
      "spriteSourceSize": {
        "x": 5,
        "y": 20,
        "w": 66,
        "h": 40
      },
      "sourceSize": {
        "w": 75,
        "h": 75
      },
      "pivot": {
        "x": 0.5,
        "y": 0.5
      }
    },
    "duck/red/right/1.png": {
      "frame": {
        "x": 695,
        "y": 332,
        "w": 66,
        "h": 40
      },
      "rotated": false,
      "trimmed": true,
      "spriteSourceSize": {
        "x": 5,
        "y": 18,
        "w": 66,
        "h": 40
      },
      "sourceSize": {
        "w": 75,
        "h": 75
      },
      "pivot": {
        "x": 0.5,
        "y": 0.5
      }
    },
    "duck/red/left/0.png": {
      "frame": {
        "x": 650,
        "y": 372,
        "w": 65,
        "h": 47
      },
      "rotated": false,
      "trimmed": true,
      "spriteSourceSize": {
        "x": 7,
        "y": 19,
        "w": 65,
        "h": 47
      },
      "sourceSize": {
        "w": 75,
        "h": 75
      },
      "pivot": {
        "x": 0.5,
        "y": 0.5
      }
    },
    "duck/red/left/2.png": {
      "frame": {
        "x": 715,
        "y": 372,
        "w": 65,
        "h": 57
      },
      "rotated": false,
      "trimmed": true,
      "spriteSourceSize": {
        "x": 6,
        "y": 1,
        "w": 65,
        "h": 57
      },
      "sourceSize": {
        "w": 75,
        "h": 75
      },
      "pivot": {
        "x": 0.5,
        "y": 0.5
      }
    },
    "duck/red/right/0.png": {
      "frame": {
        "x": 0,
        "y": 442,
        "w": 65,
        "h": 56
      },
      "rotated": false,
      "trimmed": true,
      "spriteSourceSize": {
        "x": 5,
        "y": 0,
        "w": 65,
        "h": 56
      },
      "sourceSize": {
        "w": 75,
        "h": 75
      },
      "pivot": {
        "x": 0.5,
        "y": 0.5
      }
    },
    "duck/red/right/2.png": {
      "frame": {
        "x": 580,
        "y": 404,
        "w": 65,
        "h": 47
      },
      "rotated": false,
      "trimmed": true,
      "spriteSourceSize": {
        "x": 4,
        "y": 17,
        "w": 65,
        "h": 47
      },
      "sourceSize": {
        "w": 75,
        "h": 75
      },
      "pivot": {
        "x": 0.5,
        "y": 0.5
      }
    },
    "dog/jump/1.png": {
      "frame": {
        "x": 329,
        "y": 433,
        "w": 64,
        "h": 62
      },
      "rotated": false,
      "trimmed": true,
      "spriteSourceSize": {
        "x": 24,
        "y": 41,
        "w": 64,
        "h": 62
      },
      "sourceSize": {
        "w": 125,
        "h": 130
      },
      "pivot": {
        "x": 0.5,
        "y": 0.5
      }
    },
    "duck/black/shot/0.png": {
      "frame": {
        "x": 173,
        "y": 437,
        "w": 64,
        "h": 59
      },
      "rotated": false,
      "trimmed": true,
      "spriteSourceSize": {
        "x": 4,
        "y": 7,
        "w": 64,
        "h": 59
      },
      "sourceSize": {
        "w": 75,
        "h": 75
      },
      "pivot": {
        "x": 0.5,
        "y": 0.5
      }
    },
    "duck/black/top-left/0.png": {
      "frame": {
        "x": 393,
        "y": 433,
        "w": 48,
        "h": 64
      },
      "rotated": false,
      "trimmed": true,
      "spriteSourceSize": {
        "x": 18,
        "y": 6,
        "w": 48,
        "h": 64
      },
      "sourceSize": {
        "w": 75,
        "h": 75
      },
      "pivot": {
        "x": 0.5,
        "y": 0.5
      }
    },
    "duck/black/top-left/1.png": {
      "frame": {
        "x": 237,
        "y": 437,
        "w": 64,
        "h": 60
      },
      "rotated": false,
      "trimmed": true,
      "spriteSourceSize": {
        "x": 11,
        "y": 6,
        "w": 64,
        "h": 60
      },
      "sourceSize": {
        "w": 75,
        "h": 75
      },
      "pivot": {
        "x": 0.5,
        "y": 0.5
      }
    },
    "duck/black/top-left/2.png": {
      "frame": {
        "x": 441,
        "y": 433,
        "w": 56,
        "h": 64
      },
      "rotated": false,
      "trimmed": true,
      "spriteSourceSize": {
        "x": 11,
        "y": 2,
        "w": 56,
        "h": 64
      },
      "sourceSize": {
        "w": 75,
        "h": 75
      },
      "pivot": {
        "x": 0.5,
        "y": 0.5
      }
    },
    "duck/black/top-right/0.png": {
      "frame": {
        "x": 497,
        "y": 433,
        "w": 56,
        "h": 64
      },
      "rotated": false,
      "trimmed": true,
      "spriteSourceSize": {
        "x": 18,
        "y": 3,
        "w": 56,
        "h": 64
      },
      "sourceSize": {
        "w": 75,
        "h": 75
      },
      "pivot": {
        "x": 0.5,
        "y": 0.5
      }
    },
    "duck/black/top-right/1.png": {
      "frame": {
        "x": 645,
        "y": 419,
        "w": 64,
        "h": 60
      },
      "rotated": false,
      "trimmed": true,
      "spriteSourceSize": {
        "x": 10,
        "y": 7,
        "w": 64,
        "h": 60
      },
      "sourceSize": {
        "w": 75,
        "h": 75
      },
      "pivot": {
        "x": 0.5,
        "y": 0.5
      }
    },
    "duck/black/dead/0.png": {
      "frame": {
        "x": 761,
        "y": 292,
        "w": 38,
        "h": 63
      },
      "rotated": false,
      "trimmed": true,
      "spriteSourceSize": {
        "x": 22,
        "y": 0,
        "w": 38,
        "h": 63
      },
      "sourceSize": {
        "w": 75,
        "h": 75
      },
      "pivot": {
        "x": 0.5,
        "y": 0.5
      }
    },
    "duck/black/dead/1.png": {
      "frame": {
        "x": 709,
        "y": 429,
        "w": 38,
        "h": 63
      },
      "rotated": false,
      "trimmed": true,
      "spriteSourceSize": {
        "x": 19,
        "y": 0,
        "w": 38,
        "h": 63
      },
      "sourceSize": {
        "w": 75,
        "h": 75
      },
      "pivot": {
        "x": 0.5,
        "y": 0.5
      }
    },
    "duck/black/dead/2.png": {
      "frame": {
        "x": 747,
        "y": 429,
        "w": 38,
        "h": 63
      },
      "rotated": false,
      "trimmed": true,
      "spriteSourceSize": {
        "x": 17,
        "y": 0,
        "w": 38,
        "h": 63
      },
      "sourceSize": {
        "w": 75,
        "h": 75
      },
      "pivot": {
        "x": 0.5,
        "y": 0.5
      }
    },
    "duck/red/shot/0.png": {
      "frame": {
        "x": 0,
        "y": 498,
        "w": 61,
        "h": 57
      },
      "rotated": false,
      "trimmed": true,
      "spriteSourceSize": {
        "x": 5,
        "y": 10,
        "w": 61,
        "h": 57
      },
      "sourceSize": {
        "w": 75,
        "h": 75
      },
      "pivot": {
        "x": 0.5,
        "y": 0.5
      }
    },
    "duck/red/top-left/1.png": {
      "frame": {
        "x": 61,
        "y": 498,
        "w": 61,
        "h": 57
      },
      "rotated": false,
      "trimmed": true,
      "spriteSourceSize": {
        "x": 12,
        "y": 7,
        "w": 61,
        "h": 57
      },
      "sourceSize": {
        "w": 75,
        "h": 75
      },
      "pivot": {
        "x": 0.5,
        "y": 0.5
      }
    },
    "duck/red/top-left/2.png": {
      "frame": {
        "x": 301,
        "y": 495,
        "w": 60,
        "h": 60
      },
      "rotated": false,
      "trimmed": true,
      "spriteSourceSize": {
        "x": 7,
        "y": 3,
        "w": 60,
        "h": 60
      },
      "sourceSize": {
        "w": 75,
        "h": 75
      },
      "pivot": {
        "x": 0.5,
        "y": 0.5
      }
    },
    "duck/red/top-left/0.png": {
      "frame": {
        "x": 122,
        "y": 496,
        "w": 49,
        "h": 59
      },
      "rotated": false,
      "trimmed": true,
      "spriteSourceSize": {
        "x": 19,
        "y": 7,
        "w": 49,
        "h": 59
      },
      "sourceSize": {
        "w": 75,
        "h": 75
      },
      "pivot": {
        "x": 0.5,
        "y": 0.5
      }
    },
    "duck/red/dead/0.png": {
      "frame": {
        "x": 361,
        "y": 497,
        "w": 36,
        "h": 58
      },
      "rotated": false,
      "trimmed": true,
      "spriteSourceSize": {
        "x": 22,
        "y": 0,
        "w": 36,
        "h": 58
      },
      "sourceSize": {
        "w": 75,
        "h": 72
      },
      "pivot": {
        "x": 0.5,
        "y": 0.5
      }
    },
    "duck/red/dead/1.png": {
      "frame": {
        "x": 171,
        "y": 497,
        "w": 36,
        "h": 57
      },
      "rotated": false,
      "trimmed": true,
      "spriteSourceSize": {
        "x": 21,
        "y": 0,
        "w": 36,
        "h": 57
      },
      "sourceSize": {
        "w": 75,
        "h": 72
      },
      "pivot": {
        "x": 0.5,
        "y": 0.5
      }
    },
    "duck/red/dead/2.png": {
      "frame": {
        "x": 397,
        "y": 497,
        "w": 36,
        "h": 57
      },
      "rotated": false,
      "trimmed": true,
      "spriteSourceSize": {
        "x": 18,
        "y": 0,
        "w": 36,
        "h": 57
      },
      "sourceSize": {
        "w": 75,
        "h": 72
      },
      "pivot": {
        "x": 0.5,
        "y": 0.5
      }
    },
    "hud/score-dead/0.png": {
      "frame": {
        "x": 303,
        "y": 259,
        "w": 14,
        "h": 14
      },
      "rotated": false,
      "trimmed": true,
      "spriteSourceSize": {
        "x": 4,
        "y": 4,
        "w": 14,
        "h": 14
      },
      "sourceSize": {
        "w": 20,
        "h": 20
      },
      "pivot": {
        "x": 0.5,
        "y": 0.5
      }
    },
    "hud/score-live/0.png": {
      "frame": {
        "x": 317,
        "y": 259,
        "w": 14,
        "h": 14
      },
      "rotated": false,
      "trimmed": true,
      "spriteSourceSize": {
        "x": 4,
        "y": 4,
        "w": 14,
        "h": 14
      },
      "sourceSize": {
        "w": 20,
        "h": 20
      },
      "pivot": {
        "x": 0.5,
        "y": 0.5
      }
    },
    "hud/bullet/0.png": {
      "frame": {
        "x": 650,
        "y": 359,
        "w": 8,
        "h": 13
      },
      "rotated": false,
      "trimmed": true,
      "spriteSourceSize": {
        "x": 1,
        "y": 1,
        "w": 8,
        "h": 13
      },
      "sourceSize": {
        "w": 10,
        "h": 15
      },
      "pivot": {
        "x": 0.5,
        "y": 0.5
      }
    }
  },
  "meta": {
    "app": "https://github.com/odrick/gulp-free-tex-packer",
    "version": "0.5.2",
    "image": "sprites.png",
    "format": "RGBA8888",
    "size": {
      "w": 800,
      "h": 555
    },
    "scale": 1
  }
}